{
  "openapi": "3.0.0",
  "paths": {
    "/api/ecommerce/hello": {
      "get": {
        "operationId": "AppController_getHello",
        "parameters": [],
        "responses": {
          "200": {
            "description": ""
          }
        }
      }
    }
  },
  "info": {
    "title": "ecommerce API spec",
    "description": "Ecommerce services | [swagger.json](swagger.json) | [swagger-2.0.json](swagger-2.0.json)",
    "version": "1.0.0",
    "contact": {}
  },
  "tags": [],
  "servers": [
    {
      "url": "http://127.0.0.1:3000"
    }
  ],
  "components": {
    "securitySchemes": {
      "access-token": {
        "type": "apiKey",
        "in": "header",
        "name": "access-token"
      }
    },
    "schemas": {}
  }
}