{
  "paths": {
    "/api/ecommerce/hello": {
      "get": {
        "operationId": "AppController_getHello",
        "parameters": [],
        "responses": {
          "200": {
            "description": ""
          }
        }
      }
    }
  },
  "info": {
    "title": "ecommerce API spec",
    "description": "Ecommerce services | [swagger.json](swagger.json) | [swagger-2.0.json](swagger-2.0.json)",
    "version": "1.0.0",
    "contact": {}
  },
  "tags": [],
  "swagger": "2.0",
  "host": "127.0.0.1:3000",
  "schemes": [
    "http"
  ],
  "basePath": "/",
  "definitions": {},
  "securityDefinitions": {
    "access-token": {
      "type": "apiKey",
      "in": "header",
      "name": "access-token"
    }
  },
  "x-components": {}
}